68a975f455f50b7611dd33d64317ed176f5f3be2,DELETE,regular-file,public/images/artpieces/AB024B01.webp,699648,
11b67e591b30ea403991ba7c1e66fc6cb323e7ad,DELETE,regular-file,public/images/artpieces/AC024PK02.webp,1015556,
d5ffe65959bef269f99b6d2924d6023cfef7061f,DELETE,regular-file,public/images/artpieces/AG024B02.webp,633406,
1fe731089cf02e472a13d049bf183ae7e01cf9f0,DELETE,regular-file,public/images/artpieces/B001B01.webp,812952,
e71487d2e1706b398920c3b88cce70d8742af803,DELETE,regular-file,public/images/artpieces/BK022P01.webp,640514,
a4165099077f5f3a89081e34c70eab84f66bf912,DELETE,regular-file,public/images/artpieces/BL024B01.webp,688104,
7661b75e95a5ce3466e18b31e279a0bd5abbc338,DELETE,regular-file,public/images/artpieces/BL024B02.webp,753274,
ca6d94e8086bddf04a23ddff2cf46ce1939450b2,DELETE,regular-file,public/images/artpieces/BL024B03.webp,703422,
cd949a7c44a9c88b8a934b0eb4251e75b96d4846,DELETE,regular-file,public/images/artpieces/BL024B04.webp,614398,
7bb3a41f43c98bf04de54871ccbcf7a14949ee94,DELETE,regular-file,public/images/artpieces/BL024B09.webp,754112,
63779c9286b3bf4424003e073ced12d7db77317c,DELETE,regular-file,public/images/artpieces/C111018K006.webp,700560,
1a5b4a31427eb08191a37d382e51c0685030558a,DELETE,regular-file,public/images/artpieces/IID019B01.webp,570654,
255774a7b84aee50519ad4ea190481f93c23aa5e,DELETE,regular-file,public/images/artpieces/IID019B02.webp,516816,
b61bc1d107b60dceb43cbf21b275a8d1a85e4f1c,DELETE,regular-file,public/images/artpieces/IID019B03.webp,472192,
4fa351502995dc518312dfcc19e062875ce5f24d,DELETE,regular-file,public/images/artpieces/IID019B04.webp,310330,
b65f3fab6a0b0a0d68c9ba7fce06c42b523a9eff,DELETE,regular-file,public/images/artpieces/IMG_3003.webp,766550,
4591cfa4e89cb89d42e40ec37611342e360d68a1,DELETE,regular-file,public/images/artpieces/IMG_3237.webp,758366,
fc8f97bca9b842ead88be07005b7c405c62db67d,DELETE,regular-file,public/images/artpieces/IMG_3846.webp,996486,
a946944ee266742a7d9421a6a957db164070d035,DELETE,regular-file,public/images/artpieces/IMG_4784.webp,591646,
d8cb724dd70d70673d0eca676e8a714ed51e34c4,DELETE,regular-file,public/images/artpieces/IMG_4802.webp,688336,
7bc7c537bc0ce1a2a12faee9e31b578f1284c180,DELETE,regular-file,public/images/artpieces/IMG_4811.webp,470378,
1c57f56426292c0f7495c3f86606f80498f0503d,DELETE,regular-file,public/images/artpieces/IMG_4919.webp,482780,
97b3df91406cc7b686fa27f526aec31d43de2758,DELETE,regular-file,public/images/artpieces/IMG_4930.webp,373992,
3fd1e7dd789f77bb828612bdb9fad0194927aeaf,DELETE,regular-file,public/images/artpieces/IMG_4939.webp,708334,
e17b1682e89f7fd5ee7327a9f715310086087708,DELETE,regular-file,public/images/artpieces/IMG_4942.webp,530762,
965581d8b50ee17136e4140048e8f318f5d594bf,DELETE,regular-file,public/images/artpieces/IMG_4950.webp,368460,
a4b174747890262b8a1b896ea3e17899d7609dad,DELETE,regular-file,public/images/artpieces/IMG_5506.webp,713354,
f5661ffdccb7a04948129ebb2d9bc2e808503614,DELETE,regular-file,public/images/artpieces/IMG_5509.webp,744452,
2b58afbd5c3918c4d501c3d48c9cb28a38368b41,DELETE,regular-file,public/images/artpieces/IMG_5511.webp,682990,
8bd981d4b1248c3a7c4058ee6dd7cb2378f82013,DELETE,regular-file,public/images/artpieces/IMG_5809.webp,694882,
b8b3061af143cf643d4af6d5cf15fa8dbb85dd61,DELETE,regular-file,public/images/artpieces/IMG_5812.webp,771058,
665387f652d5ca9547463423a0e61ba3569bfcdf,DELETE,regular-file,public/images/artpieces/IMG_5814.webp,704610,
76fb1509eba5090bac99b73a12a0ea8d6322be72,DELETE,regular-file,public/images/artpieces/IMG_5815.webp,817454,
e0fe8cd2314504c8176c8703fb0816d79cb2ebcd,DELETE,regular-file,public/images/artpieces/IP024PK03.webp,1021870,
74028ad0ce00fa01d6e6ea00eb3ce9d038f28682,DELETE,regular-file,public/images/artpieces/SCNW021MX05.webp,1059242,
2ecf5d899c42ec72d58e367176d018c51e827626,DELETE,regular-file,public/images/artpieces/SCNW021MX09.webp,1056752,
7034607575d51f40caf0b3cdae0a4565c6c94906,DELETE,regular-file,public/images/artpieces/SLNW021MX04.webp,850948,
9af5645ad02525f1c4525aa17005c5f3aedc921e,DELETE,regular-file,public/images/artpieces/SLNW021MX08.webp,576716,
0f3dd8258cbca1e828e7ca758307a99799a13494,DELETE,regular-file,public/images/artpieces/SLNW021MX10.webp,1217062,
47cceec56596c9d44b7d8901cfeeb4341879a59b,DELETE,regular-file,public/images/artpieces/SLNW021MX12.webp,728450,
b7c6a735b2cd4f83fa01ba0ca257a3bf6e6d7a9e,DELETE,regular-file,public/images/artpieces/SNW021MX02.webp,997988,
e0e908532186b8fc21c77e84b4e535f150ebe0e2,DELETE,regular-file,public/images/artpieces/SNW021MX03.webp,1037768,
9e02d36e7e1c599a7148e7cbb972a465f2380ec4,DELETE,regular-file,public/images/artpieces/SNW021MX06.webp,1076702,
0aed4207e5178470a0f3087def10ae40ccb6a869,DELETE,regular-file,public/images/artpieces/SNW021MX07.webp,907980,
35f01c97f15362681543cd1cba79be32fdcef943,DELETE,regular-file,public/images/artpieces/SNW021MX11.webp,873874,
19b50b94c8d3a03ebf5288f352eaa64428e76836,DELETE,regular-file,public/images/artpieces/SNW021W01.webp,809862,
44bd473d61b2ccbc29a1eb783e945c66d26e7379,DELETE,regular-file,public/images/artpieces/orobouros.webp,923928,
0c85fb70c65450bc175bd6d0bdb757d05e8740a0,DELETE,regular-file,public/logo.png,1951065,
